﻿film,image_url
Toy Story,https://image.tmdb.org/t/p/w1280/uXDfjJbdP4ijW5hWSBrPrlKpxab.jpg
A Bug's Life,https://www.themoviedb.org/t/p/w1280/Ah3J9OJVc2CNCuH2zMydXy9fmIC.jpg
Toy Story 2,https://www.themoviedb.org/t/p/w1280/yFWQkz2ynjwsazT6xQiIXEUsyuh.jpg
"Monsters, Inc.",https://www.themoviedb.org/t/p/w1280/qjlbN6aK1qgeg3SspFVovT2D1Me.jpg
Finding Nemo,https://www.themoviedb.org/t/p/w1280/eHuGQ10FUzK1mdOY69wF5pGgEf5.jpg
The Incredibles,https://www.themoviedb.org/t/p/w1280/2LqaLgk4Z226KkgPJuiOQ58wvrm.jpg
Cars,https://www.themoviedb.org/t/p/w1280/u4G8EkiIBZYx0wEg2xDlXZigTOZ.jpg
Ratatouille,https://www.themoviedb.org/t/p/w1280/t3vaWRPSf6WjDSamIkKDs1iQWna.jpg
WALL-E,https://www.themoviedb.org/t/p/w1280/hbhFnRzzg6ZDmm8YAmxBnQpQIPh.jpg
Up,https://www.themoviedb.org/t/p/w1280/mFvoEwSfLqbcWwFsDjQebn9bzFe.jpg
Toy Story 3,https://www.themoviedb.org/t/p/w1280/AbbXspMOwdvwWZgVN0nabZq03Ec.jpg
Cars 2,https://www.themoviedb.org/t/p/w1280/okIz1HyxeVOMzYwwHUjH2pHi74I.jpg
Brave,https://www.themoviedb.org/t/p/w1280/1XAuDtMWpL0sYSFK0R6EZate2Ux.jpg
Monsters University,https://www.themoviedb.org/t/p/w1280/y7thwJ7z5Bplv6vwl6RI0yteaDD.jpg
Inside Out,https://www.themoviedb.org/t/p/w1280/2H1TmgdfNtsKlU9jKdeNyYL5y8T.jpg
The Good Dinosaur,https://www.themoviedb.org/t/p/w1280/8RSkxOO80btfKjyiC5ZiTaCHIT8.jpg
Finding Dory,https://www.themoviedb.org/t/p/w1280/3UVe8NL1E2ZdUZ9EDlKGJY5UzE.jpg
Cars 3,https://www.themoviedb.org/t/p/w1280/fyy1nDC8wm553FCiBDojkJmKLCs.jpg
Coco,https://www.themoviedb.org/t/p/w1280/gGEsBPAijhVUFoiNpgZXqRVWJt2.jpg
Incredibles 2,https://www.themoviedb.org/t/p/w1280/9lFKBtaVIhP7E2Pk0IY1CwTKTMZ.jpg
Toy Story 4,https://www.themoviedb.org/t/p/w1280/w9kR8qbmQ01HwnvK4alvnQ2ca0L.jpg
Onward,https://www.themoviedb.org/t/p/w1280/f4aul3FyD3jv3v4bul1IrkWZvzq.jpg
Soul,https://www.themoviedb.org/t/p/w1280/pEz5aROvfy5FBW1OTlrDO3VryWO.jpg
Luca,https://www.themoviedb.org/t/p/w1280/9x4i9uKGXt8IiiIF5Ey0DIoY738.jpg
Turning Red,https://www.themoviedb.org/t/p/w1280/qsdjk9oAKSQMWs0Vt5Pyfh6O4GZ.jpg
Lightyear,https://www.themoviedb.org/t/p/w1280/b9t3w1loraDh7hjdWmpc9ZsaYns.jpg
Elemental,https://www.themoviedb.org/t/p/w1280/4Y1WNkd88JXmGfhtWR7dmDAo1T2.jpg
Inside Out 2,https://www.themoviedb.org/t/p/w1280/vpnVM9B6NMmQpWeZvzLvDESb2QY.jpg
